,TF,Target,Mode of Regulation,References
6,ABL1,BCL2,Repression,11753601
34,AHR,FOS,Unknown,10478842
56,APC,BIRC5,Unknown,11751382
104,AR,ERBB2,Activation,21613411
105,AR,ERBB2,Unknown,21741601
132,AR,MUC1,Repression,21308711
202,ARNT,ESR1,Unknown,17991765
203,ARNT,FOS,Repression,21544813
221,ARNTL2,SERPINE1,Activation,22198637
236,ATF1,BCL2,Unknown,10542244
242,ATF1,ERBB2,Unknown,10698518
258,ATF1,TGFB2,Activation,11776974
294,ATF2,TGFB2,Repression,1400310
354,ATF5,BCL2,Activation,21212266
359,ATF5,EGR1,Unknown,19531563
376,ATF7,ERBB2,Unknown,10698518
380,ATM,BCL2,Repression,16214353
410,BACH2,BCL2,Unknown,18929412
413,BARD1,ESR1,Activation,20060929
414,BARX2,ESR1,Unknown,16636675
474,BRCA1,EGR1,Unknown,20103632
477,BRCA1,ESR1,Activation,20060929
478,BRCA1,FOS,Unknown,11313879
499,BRCA1,KRT5,Unknown,16241993;19882246
599,CEBPA,BCL2,Repression,12970736
788,CIITA,MMP9,Repression,15247301
828,CREB1,BCL2,Activation,17290286
829,CREB1,BCL2,Unknown,10542244;19626458
846,CREB1,ERBB2,Unknown,10698518
849,CREB1,FOS,Unknown,12432566
972,CREM,FOS,Repression,21757709
1040,CTNNB1,BIRC5,Unknown,19662654;19778454
1076,DACH1,FOS,Repression,17182846
1085,DDB2,BCL2,Repression,20013802
1114,DEK,BCL2,Activation,17685435
1119,DENND4A,ERBB2,Repression,23421821
1132,DNMT1,BIRC5,Repression,17124180
1142,DNMT1,ESR1,Unknown,21655924;23242655
1194,E2F1,BCL2,Activation,11559537;12679318
1195,E2F1,BIRC5,Activation,17848598;19102934
1196,E2F1,BIRC5,Repression,19102934
1197,E2F1,BIRC5,Unknown,23449974
1307,E2F1,SERPINE1,Repression,11402043;11559366
1353,E2F4,BIRC5,Unknown,18504435
1524,EHMT2,BIRC5,Unknown,17124180
1533,ELF1,ERBB2,Unknown,7914192
1543,ELF3,MMP9,Repression,18302674
1554,ELF4,MMP9,Repression,12438253
1559,ELK1,ERBB2,Unknown,7914192
1561,ELK1,FOS,Unknown,11313879;11846562;20682780
1577,ELK4,FOS,Activation,9734357
1578,ELK4,FOS,Unknown,11846562
1594,EP300,BIRC5,Activation,19102934
1595,EP300,BIRC5,Repression,19102934
1614,EP300,ERBB2,Unknown,9045619
1629,EP300,MMP9,Activation,18985009
1659,EPAS1,SERPINE1,Activation,15039136
1664,ERCC2,BCL2,Repression,22387547
1709,ESR1,BCL2,Activation,19148464
1710,ESR1,BCL2,Unknown,10542244;11261829;9306964
1729,ESR1,CXCL12,Unknown,18563714
1737,ESR1,ESR1,Unknown,16636675
1741,ESR1,FOS,Unknown,10037443
1752,ESR1,KRT19,Activation,11026574
1763,ESR1,PGR,Activation,10894148;12554765
1764,ESR1,PGR,Unknown,10835496
1773,ESR1,SERPINE1,Activation,15217907
1797,ESR2,FOS,Unknown,10037443
1804,ESR2,SERPINE1,Repression,15217907
1847,ETS1,EGR1,Activation,19074849
1848,ETS1,EGR1,Unknown,9207063
1874,ETS1,MMP9,Activation,22270366
1875,ETS1,MMP9,Unknown,10949659;11556732
1923,ETS2,EGR1,Unknown,9207063
1934,ETS2,MMP9,Activation,12438253
1954,ETV4,ERBB2,Repression,10655108;15235125;16632435;17168666
1955,ETV4,ERBB2,Unknown,7914192
2088,FOS,FOS,Repression,2498646
2099,FOS,MMP9,Activation,18809380;21238464
2100,FOS,MMP9,Repression,21474819
2101,FOS,MMP9,Unknown,10935492;11774399
2116,FOS,PGR,Unknown,14684847
2161,FOXA1,BCL2,Repression,19127412
2165,FOXA1,ESR1,Unknown,20501593;24290378
2215,FOXF2,CXCL12,Activation,19562724
2261,FOXO1,EGR1,Repression,22865884
2286,FOXO3,BIRC5,Unknown,22056878
2320,FOXP3,ERBB2,Unknown,17570480
2341,GABPA,ERBB2,Unknown,7914192
2397,GATA1,MUC1,Unknown,17078870
2447,GATA3,ESR1,Unknown,17616709
2462,GATA3,MUC1,Activation,17078870
2477,GATA4,ERBB2,Repression,19276186
2519,GLI1,BCL2,Activation,19074837;21135115
2520,GLI1,BCL2,Repression,14555646
2521,GLI1,BCL2,Unknown,15520176;24739390
2539,GLI2,BCL2,Activation,16880536;21135115
2595,HDAC1,BIRC5,Unknown,17124180
2617,HDAC1,EGR1,Repression,21983014
2620,HDAC1,ESR1,Repression,18316616;20101232;23242655
2621,HDAC1,ESR1,Unknown,21655924
2622,HDAC1,FOS,Repression,17056544
2637,HDAC1,MMP9,Repression,22879913
2768,HDAC7,ESR1,Repression,21078666
2784,HDAC9,ESR1,Repression,19185986
2862,HIF1A,CXCL12,Unknown,12384916
2891,HIF1A,MUC1,Unknown,19141292
2907,HIF1A,SERPINE1,Unknown,11877282;14567996;17570486
2986,HMGN1,FOS,Unknown,17938209
3070,HOPX,FOS,Repression,19173292
3072,HOXA1,BCL2,Activation,12482855;15665309
3098,HOXA5,PGR,Activation,10875927
3174,HSF1,SERPINE1,Activation,17259369;19401454
3179,HSF2,FOS,Unknown,17915561
3209,IKBKB,MMP9,Repression,18600306
3218,ILF3,BIRC5,Activation,22442257
3232,ING2,BCL2,Repression,15748897
3238,ING4,BCL2,Repression,19895734;20707719
3251,IRF1,BCL2,Repression,10918594
3288,IRF1,MMP9,Unknown,12105194
3486,JUN,MMP9,Activation,15777790;18809380
3487,JUN,MMP9,Repression,21474819
3488,JUN,MMP9,Unknown,10935492;11774399
3512,JUN,PGR,Repression,14684847
3582,JUND,ERBB2,Unknown,10698518
3639,KDM4B,ESR1,Unknown,23723241
3653,KLF10,SERPINE1,Activation,12173049
3687,KLF4,BIRC5,Repression,19361279
3711,KLF4,KRT19,Activation,10859317
3729,KLF5,BIRC5,Activation,16595680
3739,KLF5,MMP9,Activation,18617520
3755,KLF6,MMP9,Repression,17071613;22211962
3771,KLF8,MMP9,Activation,21151179
3775,KLF9,PGR,Unknown,20463357
3784,LEF1,BIRC5,Unknown,19620402
3799,LEF1,ESR1,Unknown,18794125
3840,LMO4,ESR1,Unknown,16288053
3869,MAL,MMP9,Unknown,19724058
3871,MAML1,EGR1,Activation,23029358
3885,MAZ,MMP9,Unknown,16148153
3914,MECP2,ESR1,Repression,15870696
3915,MECP2,ESR1,Unknown,21655924;23242655
3983,MITF,FOS,Activation,14737107
4039,MSX2,BCL2,Repression,21730974
4054,MTA1,ESR1,Repression,24413532
4055,MTA1,ESR1,Unknown,11146623
4058,MTA1,MMP9,Unknown,12431981
4091,MYB,BCL2,Activation,11675351
4092,MYB,BCL2,Repression,20659323
4093,MYB,BCL2,Unknown,16088151
4106,MYB,ERBB2,Unknown,2577338
4146,MYC,BCL2,Unknown,18809243
4259,MYCN,BIRC5,Activation,22703967
4350,NCOA3,BCL2,Activation,22213475
4353,NCOA3,ERBB2,Unknown,10991938
4363,NCOA6,FOS,Activation,19329434
4367,NCOR1,ESR1,Repression,20101232
4391,NF1,FOS,Activation,9562250
4491,NFIL3,PGR,Unknown,1620116
4520,NFKB1,BCL2,Activation,14978135;18158998;19259124;20446017;21503108
4521,NFKB1,BCL2,Repression,12032828;15120608;18031796;18566231
4522,NFKB1,BCL2,Unknown,14739605;16022909;16453001;17673602;18761399;19233129;20103608;20332461
4539,NFKB1,BIRC5,Activation,17553314
4540,NFKB1,BIRC5,Unknown,14739605;20126979
4620,NFKB1,CXCL12,Activation,17530707
4642,NFKB1,EGR1,Repression,21983014
4750,NFKB1,MMP9,Activation,10359016;12193473;14600595;15536164;16014933;16687076;17121934;17174275;17186550;17498959;18056465;18298869;18567920;18801463;18843978;19303700;19454280;19539355;21963718
4751,NFKB1,MMP9,Repression,15605368;18566231
4752,NFKB1,MMP9,Unknown,11376631;12105194;14755547;15175338;17158602;17673602;17922642;18357389;19662350;19783786;20103608;20332461;7860222;9500201;9679762
4824,NFKB1,SERPINE1,Activation,11757833;12675842
4825,NFKB1,SERPINE1,Repression,15631825
4913,NFKBIA,MMP9,Unknown,11376631
4954,NFYB,FOS,Unknown,23595228
4969,NFYC,FOS,Unknown,23595228
4989,NKX2-3,EGR1,Unknown,21968973
5002,NKX3-1,ESR1,Unknown,18794125
5003,NKX3-1,FOS,Repression,22179513
5079,NR1I2,BCL2,Activation,16085054
5112,NR2E3,ESR1,Unknown,22174013
5195,NR4A1,SERPINE1,Unknown,12506026
5300,PARP1,BCL2,Repression,20564216
5319,PARP1,SERPINE1,Activation,22159350
5327,PAWR,BCL2,Repression,11912153;9989812
5331,PAX2,ERBB2,Unknown,10991938
5349,PAX5,BCL2,Repression,22105368
5412,PER1,BCL2,Activation,19675098
5418,PGR,BCL2,Activation,17785366
5419,PGR,BCL2,Unknown,9306964
5425,PGR,ERBB2,Repression,18483177
5426,PGR,ESR1,Activation,16982776
5458,PIAS1,MUC1,Repression,17717071
5464,PIAS2,MUC1,Repression,17717071
5467,PIAS3,ESR1,Unknown,22174013
5468,PIAS3,MUC1,Repression,17717071
5470,PIAS4,MUC1,Repression,17717071
5675,PPARA,MMP9,Repression,21840940
5681,PPARA,SERPINE1,Activation,15631825
5682,PPARA,SERPINE1,Unknown,12667383
5714,PPARG,BCL2,Activation,15067355
5715,PPARG,BCL2,Repression,14960510
5751,PPARG,MMP9,Repression,20021931
5770,PPARG,SERPINE1,Unknown,10073956
5834,PURA,ERBB2,Unknown,22899247
5875,RB1,BIRC5,Unknown,18504435
5891,RB1,FOS,Repression,1909121
5892,RB1,FOS,Unknown,7680889
5922,RBMX,EGR1,Repression,16707624
5923,RBMX,FOS,Repression,16707624
5977,RELA,BCL2,Activation,14978135;18158998;19259124;20446017;21503108
5978,RELA,BCL2,Repression,15120608;18031796;18566231
5979,RELA,BCL2,Unknown,14739605;16022909;16453001;17673602;18761399;19233129;20103608;20332461
5996,RELA,BIRC5,Activation,17553314
5997,RELA,BIRC5,Unknown,14739605;20126979
6074,RELA,CXCL12,Activation,17530707
6096,RELA,EGR1,Repression,21983014
6202,RELA,MMP9,Activation,10359016;12193473;14600595;15536164;16014933;16687076;17121934;17174275;17186550;17498959;18056465;18298869;18567920;18801463;18843978;19303700;19454280;19539355;21238464;21963718
6203,RELA,MMP9,Repression,15086314;15605368;18566231
6204,RELA,MMP9,Unknown,11376631;12105194;14755547;15175338;17158602;17673602;17922642;18357389;19662350;19783786;20103608;20332461;7860222;9500201;9679762
6240,RELA,PGR,Repression,8626413
6277,RELA,SERPINE1,Activation,11757833;12675842
6278,RELA,SERPINE1,Repression,15631825
6516,RUNX2,ESR1,Unknown,17350616
6556,RUNX3,MMP9,Repression,21128246
6600,SATB1,BCL2,Activation,20564216
6601,SATB1,BCL2,Unknown,21310710
6651,SIM2,BCL2,Repression,21729534
6686,SIRT1,MMP9,Repression,19376817;21474819
6722,SMAD2,BCL2,Unknown,24739390
6745,SMAD3,MMP9,Repression,15086314
6750,SMAD3,SERPINE1,Activation,17761371;24330518;9765209
6751,SMAD3,SERPINE1,Unknown,10557285
6764,SMAD4,BCL2,Unknown,24739390
6780,SMAD4,SERPINE1,Activation,9765209
6805,SMARCA4,FOS,Repression,10082538
6827,SNAI2,CXCL12,Activation,22074556
6833,SNAI2,MMP9,Activation,22074556
6995,SP1,BCL2,Unknown,10542244
6997,SP1,BIRC5,Unknown,17124180;22334592
7111,SP1,EGR1,Activation,8349585
7112,SP1,EGR1,Unknown,10826704
7119,SP1,ERBB2,Activation,12802284;22553354
7121,SP1,ESR1,Unknown,12237165;21235772
7143,SP1,FOS,Unknown,9528985
7190,SP1,ID4,Repression,9516472
7235,SP1,KRT19,Activation,10859317
7236,SP1,KRT5,Activation,12024040
7276,SP1,MMP9,Activation,19616522;21963718
7277,SP1,MMP9,Unknown,11060311;18357389;7860222
7329,SP1,PGR,Activation,10894148
7380,SP1,SERPINE1,Activation,15039136
7381,SP1,SERPINE1,Unknown,10880342;11251188
7498,SP2,MMP9,Repression,17071613
7508,SP3,BIRC5,Unknown,22334592
7547,SP3,ERBB2,Activation,22553354
7562,SP3,ID4,Repression,9516472
7622,SP4,BIRC5,Unknown,22334592
7624,SP4,ERBB2,Activation,22553354
7637,SPDEF,MMP9,Repression,20550708;22761428
7779,SRF,FOS,Activation,10742173;9734357
7780,SRF,FOS,Unknown,11846562;2200737;2493627
7791,SRF,MMP9,Unknown,19724058
7797,SRF,SERPINE1,Repression,15514113
7876,STAT1,MMP9,Repression,19965686
7877,STAT1,MUC1,Activation,17151127
7928,STAT3,BCL2,Activation,15184887;15805299;18839277;19926637;21435102;22504301
7929,STAT3,BCL2,Repression,22313388
7930,STAT3,BCL2,Unknown,18320073;20043094;20446017;21172343;21344490;21385902
7935,STAT3,BIRC5,Activation,15184887;16651438;17880940;19284568;19880237
7936,STAT3,BIRC5,Unknown,15469392;20826784;21344490
7982,STAT3,FOS,Activation,12600988;14737107;17204573
8037,STAT3,MMP9,Repression,20067773
8038,STAT3,MUC1,Activation,17151127;19578748;21325207
8127,STAT5A,ESR1,Unknown,11731618
8137,STAT5B,ESR1,Unknown,11731618
8162,STAT6,FOS,Activation,11922943
8163,STAT6,FOS,Unknown,18342537
8210,TBP,BCL2,Repression,11313951
8216,TBP,FOS,Activation,15767669
8269,TCF4,BCL2,Unknown,23671559
8270,TCF4,BIRC5,Unknown,19131553;19662654;19778454
8298,TCF7L2,BIRC5,Activation,20331626
8324,TFAP2A,BCL2,Repression,16533807
8347,TFAP2A,ERBB2,Unknown,10698518;15870067;18218085;22577344
8368,TFAP2A,KRT5,Activation,12024040
8373,TFAP2A,MMP9,Activation,17224907
8374,TFAP2A,MMP9,Repression,17224907
8400,TFAP2B,ERBB2,Unknown,10645007
8407,TFAP2C,ERBB2,Unknown,10645007
8408,TFAP2C,ESR1,Activation,11278455;19458056
8446,TGIF1,SERPINE1,Repression,19524896
8485,TP53,BCL2,Repression,11313951;17693666;19411072;20428827;9000137
8486,TP53,BCL2,Unknown,21859835
8492,TP53,BIRC5,Repression,17124180
8493,TP53,BIRC5,Unknown,19067706
8541,TP53,EGR1,Unknown,16990849
8544,TP53,ESR1,Unknown,21655924
8691,TP73,BIRC5,Unknown,19067706
8743,TWIST1,BCL2,Unknown,23095743
8753,TWIST1,ESR1,Repression,22056872
8756,TWIST1,FOS,Activation,19051271
8789,TWIST2,FOS,Activation,19051271
8851,USF1,ID4,Unknown,9516472
8873,USF1,SERPINE1,Activation,16902162
8874,USF1,SERPINE1,Unknown,12235287
8887,USF1,TGFB2,Activation,11776974
8941,USF2,TGFB2,Activation,11776974
8942,USF2,TGFB2,Unknown,8943301
8974,VDR,ERBB2,Unknown,10765127
9026,WT1,BCL2,Unknown,12644474
9103,XBP1,ESR1,Activation,15882996
9122,XRCC5,ERBB2,Unknown,22899247
9125,XRCC6,ERBB2,Unknown,22899247
9141,YBX1,ERBB2,Activation,19648825
9142,YBX1,ERBB2,Unknown,20838384
9187,YY1,ERBB2,Activation,19435870
9188,YY1,ERBB2,Unknown,15870067;18218085
9266,ZBTB16,BCL2,Repression,14769944
9286,ZBTB7A,FOS,Repression,17189472
9302,ZEB1,MUC1,Repression,12161443
9395,ZNRD1,BCL2,Activation,16373708;16609701
3,AATF,MYC,Activation,20549547
4,AATF,TP53,Unknown,17157788
12,ABL1,FOXO3,Activation,15509806
13,ABL1,JUN,Activation,15145216
14,ABL1,JUN,Repression,19357699
16,ABL1,TP53,Activation,11753601
18,AES,LEF1,Activation,20676368
22,AHR,ARNT,Unknown,19255421;8631989
23,AHR,BRCA1,Unknown,18259752
34,AHR,FOS,Unknown,10478842
41,AHR,MYC,Unknown,11114727;16091746
46,AIP,AHR,Activation,11469723
58,APC,DNMT1,Repression,12538344
60,APC,KLF4,Unknown,12387883
61,APC,MYC,Repression,16510874
70,APEX1,NFKB1,Activation,17045925
72,APEX1,RELA,Activation,17045925
99,AR,CTNNB1,Activation,18535113
102,AR,ELK4,Unknown,18469865
103,AR,EP300,Activation,22334658
111,AR,FOXA1,Unknown,12750453
120,AR,JUN,Activation,20148354
123,AR,KLF5,Unknown,19460858
133,AR,MYC,Unknown,24512546
136,AR,NFKB1,Repression,18386814
137,AR,NKX3-1,Activation,16697957;17303007
138,AR,NKX3-1,Unknown,11238180
153,AR,RELA,Repression,18386814
160,AR,TBP,Unknown,9238003
161,AR,TCF7L2,Unknown,12799378
181,ARID1A,SMAD3,Unknown,21900401
186,ARID3A,E2F1,Unknown,23659165
189,ARNT,AHR,Unknown,18540824
191,ARNT,BRCA1,Unknown,16567799
202,ARNT,ESR1,Unknown,17991765
203,ARNT,FOS,Repression,21544813
205,ARNT,HIF1A,Activation,14764593
206,ARNT,JUN,Repression,21544813
216,ARNTL,PER1,Activation,17994337;22750052
217,ARNTL,PER1,Unknown,17660446;21479263
246,ATF1,GABPA,Unknown,10585419
250,ATF1,MITF,Activation,12966428
251,ATF1,MITF,Unknown,20068147
281,ATF2,JUN,Activation,9502786
291,ATF2,RELA,Activation,21350211
312,ATF3,TP53,Unknown,22991139
346,ATF4,SIRT1,Activation,22363646
347,ATF4,SIRT1,Repression,21801305
356,ATF5,CREB1,Activation,17140605
372,ATF6,SRF,Unknown,9271374
375,ATF6,XBP1,Unknown,20003459;24269637
398,ATM,SP1,Repression,11466608
399,ATM,SP1,Unknown,12926986
412,BACH2,XBP1,Repression,24821775
413,BARD1,ESR1,Activation,20060929
414,BARX2,ESR1,Unknown,16636675
416,BCL11A,GATA1,Activation,23071749
417,BCL11A,GATA1,Unknown,20542454
420,BCL3,MYB,Unknown,9694711
421,BCL3,NFKB1,Repression,11387332
422,BCL3,NFKB1,Unknown,14573596;7896265
423,BCL3,RELA,Unknown,7896265
432,BCL6,HDAC7,Repression,11929873
435,BCL6,MYC,Activation,21394099
436,BCL6,NFKB1,Repression,15611242
439,BCL6,STAT3,Unknown,17951530
441,BCL6,XBP1,Repression,24821775
442,BDP1,MYC,Unknown,12734418
443,BDP1,RB1,Unknown,12734418
444,BDP1,TP53,Unknown,12734418
447,BIN1,MYC,Unknown,9797456
452,BRCA1,ATM,Activation,22832221
470,BRCA1,DDB2,Activation,12170778
475,BRCA1,EP300,Activation,11782371
476,BRCA1,EP300,Unknown,11405179
477,BRCA1,ESR1,Activation,20060929
478,BRCA1,FOS,Unknown,11313879
485,BRCA1,HIF1A,Unknown,16543242
503,BRCA1,MYC,Unknown,12032322;12646176
506,BRCA1,SIRT1,Activation,18851829;20160719;21407215;9000507
507,BRCA1,STAT1,Activation,17374731
509,BRCA1,STAT3,Unknown,11163768
522,BRIP1,BARD1,Unknown,20451671
527,BTAF1,TBP,Repression,20627952
528,BTAF1,TBP,Unknown,14988402;15509807;16858867
530,BTF3,ATM,Activation,17312387
535,BTF3,NFKB1,Repression,17312387
544,CBFB,GATA1,Unknown,8683991
546,CBFB,RUNX2,Unknown,24648201
547,CBFB,RUNX3,Unknown,24648201
558,CDX1,PPARG,Activation,19059241
560,CDX1,TBP,Unknown,17158164
563,CDX2,APC,Activation,23393221
564,CDX2,APC,Unknown,24501326
580,CDX2,KLF4,Activation,11521200
581,CDX2,KLF4,Unknown,23202735
590,CDX2,SP1,Unknown,22580340
596,CDX2,VDR,Unknown,11450701;16604479;16883525;19960008
633,CEBPA,MYC,Repression,12032779
646,CEBPA,STAT3,Unknown,24429361
679,CEBPB,HSF1,Unknown,11801594
719,CEBPB,XBP1,Activation,19717648
732,CEBPD,PPARG,Activation,10649448;18619497;20971808
739,CEBPE,GATA1,Repression,12202480
742,CEBPE,MYC,Repression,12947005
747,CEBPZ,APC,Activation,15087381
755,CHD8,BRCA1,Unknown,16949368
758,CHD8,MYC,Unknown,16949368
786,CIITA,IRF1,Unknown,12052885;15950283
793,CIITA,SIRT1,Repression,22064865
795,CIITA,STAT1,Unknown,12052885
809,CLOCK,PER1,Activation,17994337;22750052
810,CLOCK,PER1,Unknown,17660446;20551151;21479263
816,CNBP,MYC,Unknown,23774591
827,CREB1,AR,Unknown,15994978;21457548
849,CREB1,FOS,Unknown,12432566
850,CREB1,FOXA1,Unknown,22577344
851,CREB1,GABPA,Unknown,10585419
867,CREB1,JUN,Repression,8647095
868,CREB1,JUN,Unknown,10403485
872,CREB1,MITF,Activation,19937254
879,CREB1,NF1,Unknown,10435592
909,CREB1,SNAI2,Repression,15955695
932,CREB5,STAT1,Repression,21132541
936,CREBBP,BRCA1,Unknown,23285190
939,CREBBP,CREB1,Activation,19564345
942,CREBBP,EP300,Unknown,15154850
949,CREBBP,IRF1,Activation,18497060
951,CREBBP,PPARA,Unknown,10542237
958,CREBBP,TP53,Unknown,15154850
968,CREM,CREB1,Repression,11988318
972,CREM,FOS,Repression,21757709
986,CREM,TBP,Unknown,10409662
992,CRX,NR2E3,Activation,18294621
998,CTBP1,BRCA1,Repression,20818429
1009,CTCF,BRCA1,Unknown,19466541;24725430
1021,CTCF,MYC,Activation,19568426
1022,CTCF,MYC,Repression,12032779;12524457
1023,CTCF,MYC,Unknown,24725430;9591631
1025,CTCF,NF1,Unknown,21111075
1037,CTCF,WT1,Unknown,24534946
1039,CTNNB1,AR,Unknown,16141201
1049,CTNNB1,GLI2,Unknown,19797115
1050,CTNNB1,JUN,Activation,20300972
1051,CTNNB1,JUN,Unknown,19671687
1054,CTNNB1,MYC,Activation,20300972;21533051
1055,CTNNB1,MYC,Unknown,17724465;18679417;19662654;19778454
1061,CTNNB1,RB1,Repression,16628468
1065,CTNNBIP1,GLI2,Unknown,19797115
1076,DACH1,FOS,Repression,17182846
1090,DDIT3,ATF2,Repression,16164412
1091,DDIT3,ATF5,Repression,16164412
1094,DDIT3,CEBPA,Repression,21983012
1101,DDIT3,SIRT1,Repression,21801305
1121,DLX4,BRCA1,Repression,20877436
1126,DLX5,MYC,Activation,19497851
1127,DMAP1,ATM,Unknown,23318425
1130,DMAP1,DNMT1,Unknown,20864525
1142,DNMT1,ESR1,Unknown,21655924;23242655
1144,DNMT1,HDAC1,Unknown,24475290
1153,DNMT1,RB1,Repression,17934516
1156,DNMT1,RUNX3,Unknown,22274925
1162,DNMT1,TP53,Unknown,24006445
1174,DR1,NR1I2,Activation,18305375
1177,DR1,TBP,Repression,16858867
1178,DR1,TBP,Unknown,8670811
1179,DRAP1,TBP,Unknown,15509807
1184,E2F1,AR,Activation,21099103
1185,E2F1,AR,Unknown,22508987
1189,E2F1,ATM,Activation,12527885;22832221
1190,E2F1,ATM,Unknown,23993922
1199,E2F1,BRCA1,Repression,20068145
1200,E2F1,BRCA1,Unknown,18660752;19466541;23285190
1227,E2F1,DNMT1,Repression,24502362
1232,E2F1,E2F1,Unknown,7958836
1238,E2F1,ETV4,Activation,18687701
1275,E2F1,MYB,Unknown,8137237
1277,E2F1,MYC,Activation,11705881
1278,E2F1,MYCN,Activation,14645238
1291,E2F1,PPARG,Activation,12110166
1292,E2F1,PPARG,Unknown,20971808
1299,E2F1,RB1,Activation,8264596
1319,E2F1,TP53,Activation,15706352
1320,E2F1,TP53,Repression,8557038
1321,E2F1,TP53,Unknown,12625370;21441950;22241525
1325,E2F1,TP73,Activation,11115495;12766778;17980704
1326,E2F1,TP73,Unknown,11988839;19188449
1351,E2F4,AR,Unknown,22508987
1354,E2F4,BRCA1,Activation,20818429
1355,E2F4,BRCA1,Repression,17106239;20133863;21701264;23108140
1356,E2F4,BRCA1,Unknown,17001309
1368,E2F4,MYC,Unknown,17132729
1372,E2F4,PPARG,Repression,12110166
1379,E2F5,MYC,Unknown,17132729
1381,E2F6,BRCA1,Unknown,19466541
1384,E2F6,E2F1,Repression,18562691
1387,E2F7,E2F1,Repression,18202719
1389,E2F8,E2F1,Repression,18202719
1397,EBF1,ATF5,Unknown,20423929
1401,EGF,STAT1,Unknown,11939722
1411,EGR1,AR,Repression,15517885
1429,EGR1,EP300,Activation,18798221;20414733
1430,EGR1,EP300,Unknown,15635605
1445,EGR1,HIF1A,Activation,18506761
1466,EGR1,MYB,Repression,7559553
1468,EGR1,NFKB1,Unknown,10671503
1475,EGR1,PPARG,Unknown,12011097
1494,EGR1,TCF4,Activation,18798221
1502,EGR1,TP53,Activation,9242687
1503,EGR1,TP73,Unknown,16990849
1526,EHMT2,RUNX3,Activation,18850007
1555,ELF4,TP53,Repression,20805247
1561,ELK1,FOS,Unknown,11313879;11846562;20682780
1571,ELK1,SRF,Unknown,15531578
1577,ELK4,FOS,Activation,9734357
1578,ELK4,FOS,Unknown,11846562
1583,ELL,E2F1,Repression,24344198
1587,ENO1,MYC,Repression,10681589;9119380
1588,ENO1,MYC,Unknown,10528225;10802057;18490439;20412594;7880838
1589,ENO1,MYCN,Unknown,15382088
1596,EP300,BRCA1,Activation,23353771
1597,EP300,BRCA1,Unknown,23285190
1611,EP300,DNMT1,Activation,19275888
1630,EP300,MYC,Repression,19279113
1631,EP300,NFKB1,Unknown,9560267
1634,EP300,PARP1,Unknown,17065349
1639,EP300,RELA,Unknown,21146504
1645,EP300,TP73,Activation,11115495
1649,EP300,WT1,Activation,15752709;18064385
1650,EP300,YY1,Unknown,11486036
1651,EP300,ZEB1,Unknown,16804902
1660,EPAS1,USF2,Unknown,23991099
1667,ERCC2,E2F1,Unknown,9400991
1669,ERCC2,TP53,Activation,22387547
1671,ERF,ETS2,Repression,7588608
1703,ERG,ZEB1,Unknown,21747944
1705,ESR1,AHR,Unknown,10620335
1707,ESR1,AR,Activation,22391641
1712,ESR1,BRCA1,Unknown,11782371
1727,ESR1,CTNNB1,Repression,16628468
1735,ESR1,E2F1,Unknown,10446910;12697671
1737,ESR1,ESR1,Unknown,16636675
1741,ESR1,FOS,Unknown,10037443
1748,ESR1,JUN,Activation,11477071
1749,ESR1,JUN,Unknown,10037443
1757,ESR1,MYC,Unknown,11517191;19569049;22892083
1763,ESR1,PGR,Activation,10894148;12554765
1764,ESR1,PGR,Unknown,10835496
1771,ESR1,RUNX2,Unknown,11604227
1774,ESR1,SP1,Unknown,19652226
1781,ESR1,TP53,Repression,17681750
1788,ESR1,ZEB1,Activation,22391641
1797,ESR2,FOS,Unknown,10037443
1799,ESR2,JUN,Unknown,10037443
1810,ESRRA,AHR,Unknown,10620335
1819,ESRRA,SNAI2,Repression,15955695
1877,ETS1,MYB,Activation,7848925
1879,ETS1,NKX3-1,Activation,20842667
1880,ETS1,PARP1,Activation,11973649;24448423
1881,ETS1,PARP1,Repression,10435618
1897,ETS1,TFAP2A,Activation,12843180
1904,ETS1,TP53,Unknown,10510472
1910,ETS1,WT1,Activation,18064385
1936,ETS2,MYC,Unknown,22108824
1941,ETS2,TP53,Unknown,10510472
1943,ETV1,AR,Unknown,17505060
1946,ETV3,NFKB1,Repression,18025162
1947,ETV3,RELA,Repression,18025162
1956,ETV4,ETS1,Activation,8247540
1979,ETV7,ETS1,Unknown,22615925
1980,ETV7,ETS2,Unknown,22615925
1983,EWSR1,ATF1,Unknown,9569031
1986,EWSR1,MITF,Activation,12966428
1995,EZH2,APC,Repression,22907428
1997,EZH2,BRCA1,Unknown,21406404
2005,EZH2,CIITA,Repression,17911618;21266852
2011,EZH2,HDAC1,Repression,20132185
2017,EZH2,MYC,Repression,23079660
2026,EZH2,RUNX3,Repression,18430739;20631058;22222375
2027,EZH2,SATB1,Repression,21232178
2029,EZH2,SNAI2,Repression,23836662
2031,EZH2,TP53,Repression,20132185
2032,EZH2,TP53,Unknown,24006445
2033,EZH2,TWIST1,Repression,23836662
2034,EZH2,VDR,Unknown,23424038
2038,FHL2,NFKB1,Unknown,18752053
2039,FHL2,RELA,Unknown,18752053
2044,FLI1,EP300,Unknown,24058639
2049,FLI1,GATA1,Activation,12724402
2052,FLI1,HDAC1,Unknown,24058639
2076,FOS,CREM,Activation,21757709
2088,FOS,FOS,Repression,2498646
2089,FOS,FOXA1,Unknown,22577344
2102,FOS,MYC,Repression,2498162
2104,FOS,NFKB1,Repression,20188076
2116,FOS,PGR,Unknown,14684847
2122,FOS,SMAD4,Unknown,11854297
2129,FOS,TP53,Unknown,10348347
2144,FOSL2,BRCA1,Activation,17434164
2152,FOSL2,MYB,Activation,22493372
2162,FOXA1,BRCA1,Unknown,16331276
2165,FOXA1,ESR1,Unknown,20501593;24290378
2169,FOXA1,MYC,Unknown,24512546
2170,FOXA1,NF1,Activation,8495744
2194,FOXA2,TCF7L2,Unknown,22951069
2200,FOXC1,FOXO1,Unknown,17993506;21837767
2204,FOXD3,MITF,Repression,21519923
2223,FOXH1,AR,Repression,16120611
2234,FOXL2,SIRT1,Activation,19010791
2237,FOXM1,AR,Activation,24583551
2249,FOXM1,MYC,Activation,23804320
2257,FOXO1,AR,Repression,19074551
2281,FOXO3,AR,Activation,16061480
2282,FOXO3,AR,Unknown,17522055
2294,FOXO3,SIRT1,Activation,23525956
2301,FOXO4,CREB1,Activation,20136501
2302,FOXO4,HIF1A,Repression,12761217;20136501
2317,FOXP3,BRCA1,Repression,23319807
2324,FOXP3,SATB1,Unknown,21743493
2331,FOXQ1,TWIST1,Activation,23723077
2335,FUBP1,MYC,Unknown,11239393;18193062;24117486
2337,FUS,AR,Unknown,21909421
2358,GATA1,CEBPA,Repression,19825991
2361,GATA1,DACH1,Repression,22902925
2373,GATA1,GATA1,Activation,16492768
2374,GATA1,GATA1,Unknown,17628529;20542454
2411,GATA1,WT1,Activation,19212333
2412,GATA1,WT1,Unknown,10360378
2416,GATA2,AR,Activation,24423874
2422,GATA2,GATA1,Activation,23071749
2423,GATA2,GATA1,Unknown,19279013
2428,GATA2,PPARG,Repression,19772889
2433,GATA2,WT1,Activation,19212333
2447,GATA3,ESR1,Unknown,17616709
2451,GATA3,GATA3,Unknown,20484083
2463,GATA3,NFKB1,Unknown,19686049
2465,GATA3,RELA,Unknown,19686049
2468,GATA3,TCF7L2,Unknown,22951069
2472,GATA3,ZEB1,Activation,20731704
2483,GATA4,HDAC9,Repression,18332107
2516,GFI1,NF1,Unknown,14504408
2529,GLI1,JUN,Unknown,19219074
2535,GLI1,SMAD4,Unknown,24739390
2552,GLI2,JUN,Unknown,19219074
2564,GTF2A1,TBP,Unknown,12818428
2569,GTF2I,SIRT1,Activation,21407215
2574,GTF3A,STAT1,Unknown,12364590
2577,HAND2,GATA4,Unknown,11994297
2582,HBP1,DNMT1,Repression,23249948
2585,HCFC1,E2F1,Activation,17612494;19763085
2586,HCFC1,E2F4,Repression,17612494
2591,HDAC1,AR,Unknown,11971970
2614,HDAC1,DNMT1,Unknown,23242655
2615,HDAC1,E2F1,Repression,9724731
2620,HDAC1,ESR1,Repression,18316616;20101232;23242655
2621,HDAC1,ESR1,Unknown,21655924
2622,HDAC1,FOS,Repression,17056544
2631,HDAC1,KLF4,Repression,15051827
2638,HDAC1,NFKB1,Unknown,24448807
2654,HDAC1,RUNX3,Activation,18850007
2655,HDAC1,RUNX3,Repression,18850007
2656,HDAC1,RUNX3,Unknown,18430739;22274925
2660,HDAC1,SNAI2,Repression,18588516
2661,HDAC1,SP1,Repression,21636851
2663,HDAC1,STAT3,Unknown,18611949
2668,HDAC1,TP53,Repression,15130752
2673,HDAC11,MYC,Unknown,20493879
2689,HDAC2,DNMT1,Repression,22328086
2692,HDAC2,KLF4,Repression,19486889
2694,HDAC2,MYC,Unknown,20493879
2695,HDAC2,MYCN,Unknown,15382088
2697,HDAC2,SNAI2,Repression,23836662
2698,HDAC2,SP1,Repression,21636851
2702,HDAC2,TWIST1,Repression,23836662
2716,HDAC3,JUN,Repression,17244530
2721,HDAC3,MYC,Repression,19279113;23079660;23714368
2736,HDAC4,JUN,Activation,10523670
2737,HDAC4,JUN,Repression,10523670
2738,HDAC4,KLF4,Unknown,21118993
2746,HDAC4,RUNX2,Repression,19509297
2748,HDAC4,SMAD4,Unknown,23817620
2749,HDAC4,TGIF1,Activation,17610967
2753,HDAC4,WT1,Repression,18064385
2762,HDAC5,WT1,Repression,18064385
2763,HDAC5,YY1,Activation,18632988
2768,HDAC7,ESR1,Repression,21078666
2770,HDAC7,HIF1A,Activation,20693714
2771,HDAC7,HIF1A,Repression,22172637
2772,HDAC7,MAML1,Unknown,20203086
2777,HDAC7,NR4A1,Unknown,15623513
2784,HDAC9,ESR1,Repression,19185986
2791,HDAC9,NFKB1,Repression,15964798
2793,HDAC9,RELA,Repression,15964798
2794,HDAC9,STAT6,Repression,21106524
2796,HDAC9,TP53,Repression,15964798
2806,HES1,E2F1,Repression,15467735
2817,HEY1,GATA4,Repression,16199874
2823,HEY2,GATA4,Repression,16199874
2825,HEYL,AR,Repression,21454491
2831,HIC1,E2F1,Repression,19486893
2834,HIC1,MYC,Repression,24067369
2835,HIC1,SIRT1,Repression,19525223;19649206
2836,HIC1,SIRT1,Unknown,22064865
2837,HIC1,STAT3,Activation,24067369
2848,HIF1A,AR,Activation,17426252;21056661
2849,HIF1A,ARNT,Unknown,12239177
2873,HIF1A,ERCC2,Unknown,19934262
2879,HIF1A,HIF1A,Repression,14744852
2894,HIF1A,NR4A1,Activation,14729605
2901,HIF1A,PPARA,Unknown,14521756
2914,HIF1A,STAT3,Unknown,23991099
2923,HIF1A,TWIST1,Activation,23623921
2924,HIF1A,TWIST1,Unknown,21931630
2925,HIF1A,TWIST2,Unknown,21931630
2935,HIF3A,EPAS1,Unknown,19755485
2936,HIF3A,HIF1A,Unknown,19755485
2941,HIPK2,HIF1A,Repression,19046997
2944,HIPK2,TP53,Unknown,12851404
2961,HMGA1,BRCA1,Repression,12640109;16007157
2975,HMGA1,SP1,Unknown,20335021
2976,HMGA1,TP53,Unknown,20335021
2977,HMGA1,TWIST1,Activation,22276142
2986,HMGN1,FOS,Unknown,17938209
3050,HNF4A,MYC,Activation,23714368
3052,HNF4A,NR1I2,Activation,12601364;18305375
3054,HNF4A,PPARA,Unknown,11981036
3060,HNF4A,TBP,Unknown,19805548
3061,HNF4A,TCF7L2,Unknown,22951069
3070,HOPX,FOS,Repression,19173292
3074,HOXA1,EPAS1,Unknown,17213808
3077,HOXA1,MYC,Activation,15665309
3088,HOXA10,KLF9,Repression,20463357
3090,HOXA10,MYCN,Repression,21261500
3093,HOXA10,TP53,Activation,21993662
3094,HOXA10,WT1,Unknown,19017365
3098,HOXA5,PGR,Activation,10875927
3109,HOXA9,MYCN,Activation,21261500
3110,HOXA9,NFKB1,Repression,18068911
3111,HOXA9,RELA,Repression,18068911
3115,HOXB1,TCF4,Repression,15126340
3116,HOXB13,TCF4,Repression,15928669
3157,HSF1,HOPX,Unknown,22669480
3165,HSF1,JUN,Unknown,24127737
3171,HSF1,NFKB1,Unknown,18689673
3173,HSF1,RELA,Unknown,18689673
3179,HSF2,FOS,Unknown,17915561
3180,HSF2,HIF1A,Unknown,21258402
3190,HSF4,HIF1A,Unknown,21258402
3200,ID4,BRCA1,Repression,12032322;17016441
3202,IFI16,BRCA1,Unknown,22618232
3204,IFI16,MYC,Repression,20052289
3205,IFI16,TP53,Unknown,22618232
3206,IFI16,WT1,Activation,18231640
3211,IKBKB,TP53,Unknown,24006445
3216,ILF2,ILF3,Unknown,11739746
3231,ING1,TP53,Activation,15662138;16325212
3250,ING4,TP53,Activation,19895734
3263,IRF1,CIITA,Activation,10557076;11464288
3264,IRF1,CIITA,Unknown,10202014;9916712
3269,IRF1,E2F1,Repression,22200613
3273,IRF1,FOXP3,Repression,18641303
3289,IRF1,MYB,Repression,10739671
3305,IRF1,TP53,Unknown,19003964
3308,IRF2,CIITA,Activation,10557076;10956389
3329,IRF3,PURA,Repression,21062477
3365,IRF8,NF1,Activation,15371411
3391,JUN,AR,Repression,20148354
3392,JUN,AR,Unknown,16732317
3398,JUN,BRCA1,Activation,17434164
3410,JUN,CREM,Activation,21757709
3428,JUN,ETS1,Activation,1945412
3429,JUN,ETS2,Unknown,22354960
3461,JUN,JUN,Activation,9502786
3462,JUN,JUN,Unknown,19671687
3491,JUN,MYB,Unknown,1527086
3492,JUN,MYC,Repression,2498162
3512,JUN,PGR,Repression,14684847
3519,JUN,PPARA,Unknown,10542237
3530,JUN,RUNX2,Unknown,11604227
3550,JUN,TP53,Repression,22859294
3551,JUN,TP53,Unknown,10348347
3552,JUN,TP73,Unknown,15302867
3556,JUN,VDR,Activation,15930183
3572,JUNB,SMAD4,Unknown,11854297
3597,JUND,MYB,Activation,22493372
3598,JUND,MYB,Repression,18071306
3599,JUND,MYB,Unknown,1527086
3619,KAT2B,RB1,Activation,19525977
3620,KAT2B,SMAD4,Activation,19525977
3621,KAT2B,TP73,Unknown,19188449
3622,KAT2B,YY1,Unknown,11486036
3623,KAT2B,ZEB1,Repression,22384255
3628,KAT5,STAT3,Repression,12551922
3636,KDM4B,AR,Activation,23435229
3639,KDM4B,ESR1,Unknown,23723241
3642,KHDRBS1,AR,Unknown,18273831
3660,KLF12,TFAP2A,Repression,10704285;11373277
3677,KLF2,PPARG,Repression,20693579
3723,KLF4,TP53,Activation,21132436
3724,KLF4,TP53,Repression,17308127
3725,KLF4,TP53,Unknown,18511453
3726,KLF4,VDR,Repression,22677193
3736,KLF5,FOXO1,Unknown,21487104
3737,KLF5,HIF1A,Activation,23880760
3775,KLF9,PGR,Unknown,20463357
3777,L3MBTL1,MYC,Unknown,23543057
3783,LEF1,AR,Unknown,19351848
3789,LEF1,CEBPA,Unknown,19620402
3793,LEF1,CTNNB1,Unknown,11326276
3799,LEF1,ESR1,Unknown,18794125
3801,LEF1,MITF,Activation,12048204
3803,LEF1,MYC,Unknown,19620402
3811,LEF1,SNAI2,Unknown,20128911
3813,LEF1,TCF4,Unknown,19174556
3820,LIMD1,HIF1A,Repression,22286099
3825,LMO2,ELK1,Unknown,22517897
3829,LMO2,LEF1,Repression,22517897
3832,LMO2,ZEB1,Repression,20731704
3838,LMO4,BRCA1,Repression,11751867;12925972
3840,LMO4,ESR1,Unknown,16288053
3841,LMO4,MTA1,Unknown,16288053
3853,LYL1,NFKB1,Repression,10023675
3876,MAX,MYC,Unknown,9797456
3906,MCM5,STAT1,Unknown,11248027
3908,MDM4,TP53,Unknown,11528400;17499002;17875722;19910468
3914,MECP2,ESR1,Repression,15870696
3915,MECP2,ESR1,Unknown,21655924;23242655
3921,MED1,AR,Unknown,22102282
3925,MED1,VDR,Unknown,17229570
3930,MEF2A,JUN,Activation,12054430
3931,MEF2A,JUN,Unknown,10403485
3945,MEF2C,JUN,Activation,10523670;12054430
3946,MEF2C,JUN,Repression,10523670
3947,MEF2C,JUN,Unknown,10849446
3949,MEF2C,MECP2,Unknown,20513142
3950,MEF2C,NR4A1,Repression,18079734
3954,MEF2D,ATM,Unknown,24672010
3956,MEF2D,HDAC7,Unknown,15171250
3957,MEF2D,JUN,Activation,12054430
3959,MEIS1,AR,Unknown,25158280
3964,MEN1,BRCA1,Unknown,23648481
3969,MEN1,GATA3,Unknown,20484083
3970,MEN1,JUND,Repression,22327296
3983,MITF,FOS,Activation,14737107
3986,MITF,HIF1A,Activation,22012259
4007,MKL1,SRF,Unknown,14565952
4025,MSC,FOXP3,Activation,19561533
4043,MSX2,NKX3-1,Activation,22848398
4049,MTA1,BRCA1,Unknown,17922032
4054,MTA1,ESR1,Repression,24413532
4055,MTA1,ESR1,Unknown,11146623
4056,MTA1,HDAC1,Unknown,23791785
4061,MTA1,MYC,Unknown,12431981
4067,MTA1,SNAI2,Activation,18719363
4088,MXI1,MYC,Repression,8838813
4089,MXI1,MYCN,Unknown,15382088
4098,MYB,CEBPA,Unknown,10706719
4107,MYB,GATA3,Unknown,20484083
4118,MYB,MYB,Unknown,7655015
4119,MYB,MYC,Activation,1594249
4120,MYB,MYC,Unknown,11259163;16088151;19609274
4126,MYB,SIM2,Unknown,11404025
4127,MYB,SP3,Unknown,18342022
4130,MYB,WT1,Activation,18064385
4138,MYBL2,MYC,Activation,1594249
4141,MYBL2,SP1,Unknown,14613485
4172,MYC,CEBPA,Repression,19259613
4173,MYC,CEBPA,Unknown,15867211
4184,MYC,EP300,Unknown,12776737
4191,MYC,GATA1,Repression,18838534
4192,MYC,GATA4,Activation,23239811
4247,MYC,TP53,Activation,8494784
4248,MYC,TP53,Unknown,19086036
4249,MYC,TP73,Activation,11115495
4264,MYCN,CIITA,Repression,12107114
4302,MYCN,TP53,Activation,19885598;21862876
4303,MYCN,TP53,Repression,21862876
4333,NANOG,GATA4,Repression,15983365
4349,NCOA2,AR,Repression,17079484
4351,NCOA3,BRCA1,Unknown,21914189
4357,NCOA4,AR,Activation,16110473
4358,NCOA4,AR,Unknown,18156210
4363,NCOA6,FOS,Activation,19329434
4364,NCOA6,HSF1,Activation,14960326
4365,NCOR1,AR,Activation,21720703
4366,NCOR1,AR,Unknown,16373395
4367,NCOR1,ESR1,Repression,20101232
4371,NCOR1,PPARG,Repression,20462215
4372,NCOR1,SNAI2,Repression,18588516
4373,NCOR2,AR,Activation,21720703
4374,NCOR2,AR,Unknown,16373395
4376,NCOR2,MYCN,Unknown,21212796
4377,NCOR2,NR1I2,Unknown,16219912
4384,NELFCD,CTNNB1,Repression,20735431
4390,NF1,DDB2,Unknown,12527763
4391,NF1,FOS,Activation,9562250
4396,NF1,MYC,Activation,9562250
4400,NF1,SP3,Unknown,18342022
4401,NF1,TP53,Activation,10634504;8816507
4413,NFATC1,SP1,Repression,21603612
4417,NFATC2,FOXP3,Activation,16517728
4429,NFE2L2,BRCA1,Activation,23353771
4477,NFIC,JUN,Unknown,10403485
4491,NFIL3,PGR,Unknown,1620116
4513,NFKB1,AR,Repression,15517885
4514,NFKB1,AR,Unknown,16619263
4637,NFKB1,E2F1,Unknown,16725311
4643,NFKB1,ELF3,Unknown,12746898
4662,NFKB1,FOXO3,Unknown,19299143
4663,NFKB1,FOXP3,Activation,20462637
4665,NFKB1,GATA3,Activation,20660789
4677,NFKB1,HDAC1,Unknown,23027620
4678,NFKB1,HDAC7,Unknown,21243522
4680,NFKB1,HIF1A,Unknown,18498249
4721,NFKB1,IRF1,Activation,18694960
4722,NFKB1,IRF1,Unknown,12077266
4758,NFKB1,MYC,Activation,17018379
4759,NFKB1,MYC,Repression,18566231
4760,NFKB1,MYC,Unknown,11114727;12894581;17673602;17944672;18184402;19469019;19766095;21790895
4763,NFKB1,NCOR1,Unknown,17876798
4765,NFKB1,NFKB1,Unknown,19469019
4766,NFKB1,NFKBIA,Activation,12885753
4767,NFKB1,NFKBIA,Repression,11744993
4768,NFKB1,NFKBIA,Unknown,10454561;15499023;17876798
4840,NFKB1,TBP,Unknown,9023117
4874,NFKB1,TP53,Unknown,10348347;11032029
4890,NFKB1,WT1,Unknown,11243407
4894,NFKB1,YY1,Repression,16784892
4895,NFKB1,YY1,Unknown,17438126
4899,NFKB2,HIF1A,Repression,19414801
4914,NFKBIA,NFKB1,Activation,9500973
4915,NFKBIA,NFKB1,Repression,11278471;18606063;20173029
4916,NFKBIA,NFKB1,Unknown,15713458;17148610
4919,NFKBIA,RELA,Activation,9500973
4920,NFKBIA,RELA,Repression,11278471;18606063;20173029
4921,NFKBIA,RELA,Unknown,15713458;17148610
4927,NFRKB,JUN,Activation,22291976
4948,NFYA,SP3,Activation,16024108
4954,NFYB,FOS,Unknown,23595228
4969,NFYC,FOS,Unknown,23595228
4986,NKX2-1,SP1,Unknown,23995788
4990,NKX2-5,CTNNB1,Unknown,19479054
4994,NKX2-5,GATA4,Activation,19479054
5000,NKX3-1,AR,Repression,16697957
5002,NKX3-1,ESR1,Unknown,18794125
5003,NKX3-1,FOS,Repression,22179513
5015,NPAS2,PER1,Unknown,17660446
5018,NPM1,ATF5,Repression,22528486
5022,NPM1,DNMT1,Unknown,19887607
5023,NPM1,ELF4,Unknown,23393136
5043,NR0B2,E2F1,Repression,18657049
5069,NR1H4,NFKB1,Activation,21364590
5070,NR1H4,NR1I2,Activation,21476904
5072,NR1H4,RELA,Activation,21364590
5093,NR1I2,KLF6,Activation,21072196
5094,NR1I2,NFKB1,Repression,22248096
5099,NR1I2,RELA,Repression,22248096
5112,NR2E3,ESR1,Unknown,22174013
5123,NR2F2,E2F1,Unknown,22734039
5128,NR2F2,PPARA,Unknown,11981036
5129,NR2F2,TFAP2A,Activation,20195529
5135,NR3C1,ATF2,Repression,17016446
5141,NR3C1,BRCA1,Activation,22328717
5151,NR3C1,ELK1,Repression,17016446
5152,NR3C1,ETS1,Repression,17016446
5157,NR3C1,NFKB1,Repression,17016446
5158,NR3C1,NR1I2,Unknown,12815172
5169,NR3C1,SRF,Repression,17016446
5170,NR3C1,STAT1,Repression,17016446
5172,NR3C1,TP53,Repression,17016446
5188,NR4A1,E2F1,Activation,12947120
5204,NR4A3,PPARG,Repression,18855877
5264,NRL,NR2E3,Activation,18294621
5272,NUPR1,EP300,Unknown,22858377
5274,NUPR1,TP53,Unknown,22858377
5276,ONECUT1,MITF,Unknown,11478782
5278,ONECUT2,MITF,Activation,11478782
5296,PA2G4,AR,Unknown,20159994
5297,PA2G4,E2F1,Repression,16254079
5298,PA2G4,E2F1,Unknown,17786317
5307,PARP1,E2F1,Activation,14627987
5310,PARP1,FOXO1,Repression,19281796
5316,PARP1,JUN,Unknown,16026317
5317,PARP1,NFKB1,Unknown,16026317
5318,PARP1,RELA,Unknown,16026317
5334,PAX2,TP53,Repression,8521821
5335,PAX2,WT1,Unknown,9178767
5340,PAX3,MITF,Activation,20925909;21965087
5341,PAX3,MITF,Repression,19074888
5342,PAX3,MITF,Unknown,19026785;9500554
5358,PAX5,LEF1,Activation,9545244
5362,PAX5,MYCN,Activation,9545244
5366,PAX5,RB1,Unknown,10197586
5369,PAX5,TP53,Activation,22105368
5370,PAX5,TP53,Repression,8521821
5371,PAX5,XBP1,Repression,8627152
5383,PAX8,E2F1,Activation,21602887
5388,PAX8,TP53,Repression,8521821
5390,PAX8,WT1,Activation,15961562;8861958
5405,PCGF2,ZEB1,Repression,23474752
5414,PER2,SNAI2,Repression,23836662
5415,PER2,TWIST1,Repression,23836662
5423,PGR,E2F1,Activation,20123965
5426,PGR,ESR1,Activation,16982776
5427,PGR,FOXP3,Repression,18685848
5434,PGR,MYC,Unknown,22892083
5437,PGR,RELA,Repression,8626413
5442,PHB2,ARNT,Repression,21256954
5461,PIAS1,STAT1,Unknown,17940994;19136629
5462,PIAS2,AR,Activation,11117529
5465,PIAS2,MYCN,Repression,21123453
5466,PIAS3,ATF1,Activation,17565989
5467,PIAS3,ESR1,Unknown,22174013
5469,PIAS3,STAT3,Unknown,16098628
5471,PIAS4,VDR,Unknown,22564762
5472,PIR,NFKB1,Unknown,14573596
5480,PITX1,JUN,Repression,21425961
5482,PITX1,NKX3-1,Repression,21425961
5485,PITX1,RUNX2,Repression,21425961
5493,PITX2,LEF1,Activation,17785445
5524,PML,EP300,Activation,18809579
5530,PML,NR4A1,Repression,12032831
5534,PML,TP53,Unknown,12837275
5536,POLR1A,E2F1,Repression,21878508
5550,POU1F1,VDR,Activation,17456792
5556,POU2F1,AR,Unknown,21387309
5563,POU2F1,GATA1,Unknown,7499351
5585,POU2F1,SNAI2,Activation,23836662
5586,POU2F1,SNAI2,Repression,23836662
5592,POU2F1,TWIST1,Activation,23836662
5593,POU2F1,TWIST1,Repression,23836662
5616,POU3F2,MITF,Unknown,18628967
5676,PPARA,NFKBIA,Activation,14976045
5677,PPARA,NFKBIA,Unknown,11981037
5687,PPARA,STAT5A,Unknown,21542777
5726,PPARG,CEBPA,Unknown,15867211
5728,PPARG,CIITA,Activation,19358337
5729,PPARG,CIITA,Repression,11861426;17611194
5748,PPARG,KLF4,Unknown,23275339
5752,PPARG,MYC,Repression,11973610
5777,PPARG,TP53,Activation,14960510;16887883
5791,PRDM1,CIITA,Repression,16765445;16982896;17300840
5795,PRDM1,MYC,Repression,10713181;12032779
5807,PROX1,NR1I2,Repression,22023334
5811,PROX1,TWIST1,Repression,22982861
5825,PTTG1,MYC,Activation,22475756
5826,PTTG1,MYC,Unknown,11115508
5833,PURA,AR,Repression,18413735;19790234
5837,RAD51,SP1,Activation,18769160
5846,RARA,ETS1,Unknown,11327309
5874,RB1,ATF2,Unknown,7702750
5876,RB1,BRCA1,Repression,20068145
5884,RB1,E2F1,Repression,12460790;1534305;21602887;9326598;9400991;9671466
5885,RB1,E2F1,Unknown,11939591;8575214
5889,RB1,ELF1,Unknown,7702750
5891,RB1,FOS,Repression,1909121
5892,RB1,FOS,Unknown,7680889
5896,RB1,MYC,Repression,10200487;9671466
5897,RB1,MYC,Unknown,7680889
5899,RB1,PPARG,Unknown,20971808
5900,RB1,RB1,Repression,8264596
5903,RB1,SP1,Unknown,7702750
5910,RB1CC1,RB1,Activation,12095676
5911,RB1CC1,RB1,Unknown,14533007;20614030
5913,RBL1,BRCA1,Repression,17106239
5916,RBL1,MYC,Unknown,17132729;9797456
5918,RBL2,BRCA1,Repression,17106239;21701264
5920,RBL2,E2F4,Unknown,8575214
5923,RBMX,FOS,Repression,16707624
5926,RBMX,JUND,Repression,16707624
5933,RBPJ,NFKB1,Unknown,14570916
5971,RELA,AR,Repression,14715080;15517885
5972,RELA,AR,Unknown,16619263
6092,RELA,E2F1,Unknown,16725311
6097,RELA,ELF3,Unknown,12746898
6098,RELA,EPAS1,Activation,20495570
6117,RELA,FOXO3,Unknown,19299143
6118,RELA,FOXP3,Activation,20462637
6119,RELA,FOXP3,Unknown,23178569
6121,RELA,GATA3,Activation,20660789
6132,RELA,HDAC1,Unknown,23027620
6133,RELA,HDAC7,Unknown,21243522
6135,RELA,HIF1A,Unknown,18498249
6173,RELA,IRF1,Activation,18694960
6174,RELA,IRF1,Unknown,12077266
6210,RELA,MYC,Activation,17018379
6211,RELA,MYC,Repression,18566231
6212,RELA,MYC,Unknown,11114727;12894581;17673602;17944672;18184402;19469019;19766095;21790895
6215,RELA,NCOR1,Unknown,17876798
6217,RELA,NFKB1,Activation,20596645
6218,RELA,NFKB1,Unknown,19469019
6219,RELA,NFKBIA,Activation,12885753
6220,RELA,NFKBIA,Repression,11744993
6221,RELA,NFKBIA,Unknown,15499023;17876798
6240,RELA,PGR,Repression,8626413
6248,RELA,PPARA,Unknown,10542237
6280,RELA,SIRT1,Activation,20617556
6288,RELA,STAT1,Unknown,25040843
6289,RELA,STAT3,Unknown,25040843
6295,RELA,TBP,Activation,7706261
6296,RELA,TBP,Unknown,9023117
6327,RELA,TP53,Unknown,10348347;11032029;15155458
6337,RELA,TWIST1,Activation,22253230
6345,RELA,WT1,Unknown,11243407
6349,RELA,YY1,Repression,16784892
6350,RELA,YY1,Unknown,17438126
6355,REST,AR,Unknown,24163104
6379,REST,STAT1,Repression,23598529
6394,RFX1,CIITA,Unknown,1505960
6397,RFX1,HDAC1,Unknown,16464847
6406,RFX1,MYC,Repression,10918054;12032779
6463,RORA,E2F1,Unknown,24891616
6488,RUNX1,JUN,Activation,20959602
6489,RUNX1,KLF4,Unknown,19328795
6500,RUNX1,NF1,Repression,15988004
6501,RUNX1,NFKB1,Unknown,19686049
6507,RUNX1,RELA,Unknown,19686049
6514,RUNX2,AR,Unknown,24648349
6516,RUNX2,ESR1,Unknown,17350616
6529,RUNX2,SNAI2,Activation,22641097
6532,RUNX2,TWIST1,Activation,22641097
6554,RUNX3,ING4,Activation,17956589
6557,RUNX3,MYC,Repression,20442291
6561,RUNX3,TCF4,Activation,24447505
6567,RUVBL1,TP53,Repression,21617703
6590,SALL3,HDAC9,Repression,18332107
6597,SALL4,ZEB1,Activation,23954296
6606,SATB1,GATA3,Activation,20126258
6608,SATB1,HDAC1,Unknown,15713622
6643,SFPQ,STAT6,Repression,21106524
6654,SIN3A,E2F1,Repression,16254079
6668,SIRT1,CTNNB1,Repression,22245592
6673,SIRT1,FOXO3,Repression,17558024;21841822
6674,SIRT1,FOXP3,Unknown,21533107
6677,SIRT1,HIF1A,Activation,22245592
6678,SIRT1,HSF1,Activation,23349863
6679,SIRT1,HSF1,Unknown,19229036
6687,SIRT1,MYC,Repression,22245592;22483777
6693,SIRT1,PER1,Activation,22149272
6694,SIRT1,PPARG,Repression,15850715
6701,SIRT1,TP53,Activation,23661372
6702,SIRT1,TP53,Repression,15130752;15632193
6703,SIRT1,TP73,Unknown,19188449
6709,SIRT3,FOXO3,Unknown,23665396
6721,SMAD2,AHR,Unknown,11259615
6724,SMAD2,GLI1,Unknown,24739390
6726,SMAD3,AHR,Unknown,11259615
6739,SMAD3,FOXP3,Activation,20937549
6742,SMAD3,GLI2,Unknown,19797115
6743,SMAD3,JUN,Unknown,10022869
6747,SMAD3,MYC,Unknown,17132729
6758,SMAD3,VDR,Activation,17471513
6761,SMAD4,AHR,Unknown,11259615
6770,SMAD4,DACH1,Repression,14525983
6774,SMAD4,GLI1,Unknown,24739390
6776,SMAD4,JUN,Unknown,10022869
6777,SMAD4,MYC,Unknown,17132729
6793,SMAD7,MYC,Activation,15555279
6805,SMARCA4,FOS,Repression,10082538
6810,SMURF2,KLF5,Repression,21953463
6821,SNAI1,VDR,Repression,15322538;16804902;20138990
6836,SNAI2,VDR,Repression,18485278;20138990
6839,SNIP1,MYC,Unknown,17157259
6842,SNW1,VDR,Unknown,15225769
6851,SOX10,MITF,Activation,16921166
6852,SOX10,MITF,Repression,16494873
6853,SOX10,MITF,Unknown,10938265;19026785
6897,SOX4,NKX3-1,Unknown,20019190
6903,SOX6,CTNNB1,Repression,21084391
6904,SOX6,TP53,Activation,21084391
6907,SOX9,AR,Activation,17234760
6921,SOX9,KLF4,Unknown,18977346
6923,SOX9,MITF,Unknown,17702866
6961,SP1,AHR,Repression,16410262
6977,SP1,AR,Activation,15661808;18430409
6978,SP1,AR,Unknown,10773882
6982,SP1,ATF2,Unknown,2145272
6983,SP1,ATM,Unknown,11466608
6999,SP1,BRCA1,Unknown,19466541
7069,SP1,CREB1,Unknown,17937658
7070,SP1,CREM,Activation,21757709
7093,SP1,DDB2,Unknown,12527763
7097,SP1,DNMT1,Activation,19211935;20570896
7098,SP1,DNMT1,Repression,20570896
7099,SP1,DNMT1,Unknown,19201992
7104,SP1,E2F1,Unknown,10446910
7113,SP1,ELF4,Activation,15907486
7121,SP1,ESR1,Unknown,12237165;21235772
7143,SP1,FOS,Unknown,9528985
7150,SP1,GATA3,Unknown,15486968
7230,SP1,KLF8,Unknown,18353772
7243,SP1,LMO4,Unknown,23291272
7283,SP1,MTA1,Activation,21555589
7291,SP1,MYC,Unknown,2057364;8355712
7292,SP1,MYCN,Activation,14567977
7293,SP1,MYCN,Repression,21123453
7294,SP1,MYCN,Unknown,22815527
7297,SP1,NF1,Unknown,10435592;14647436
7298,SP1,NFKB1,Activation,20538607;9151857
7307,SP1,NR4A1,Unknown,8961265
7329,SP1,PGR,Activation,10894148
7370,SP1,RELA,Activation,20538607;11964305;9151857
7371,SP1,RELA,Unknown,8450395
7384,SP1,SIRT1,Unknown,23843607
7415,SP1,SP3,Activation,16024108
7479,SP1,VDR,Unknown,15664452
7487,SP1,WT1,Activation,18064385
7490,SP1,YY1,Activation,22553354
7491,SP100,ETS1,Repression,15247905
7553,SP3,FOXP3,Repression,20462637
7587,SP3,MYCN,Activation,14567977
7588,SP3,NFKB1,Activation,20538607
7599,SP3,RELA,Activation,20538607
7620,SP3,YY1,Activation,22553354
7629,SP4,NFKB1,Activation,20538607
7631,SP4,RELA,Activation,20538607
7632,SP4,YY1,Activation,22553354
7676,SPI1,GATA1,Activation,20304827
7677,SPI1,GATA1,Unknown,11001896
7710,SPI1,STAT3,Unknown,24429361
7726,SREBF1,AR,Unknown,20071336
7748,SREBF1,PPARG,Unknown,10409739
7772,SREBF2,PPARG,Unknown,10409739
7776,SRF,CREB1,Repression,1531519
7779,SRF,FOS,Activation,10742173;9734357
7780,SRF,FOS,Unknown,11846562;2200737;2493627
7801,SRSF1,MYC,Unknown,22545246
7802,SRSF1,NFKB1,Repression,19183244
7829,STAT1,CIITA,Activation,11397960;11464288;12847226;9491997
7830,STAT1,CIITA,Unknown,10202014;15247301;9551976
7843,STAT1,FOXP3,Unknown,19124747
7865,STAT1,IRF1,Activation,18497060;18694960;8647845
7866,STAT1,IRF1,Repression,22002246
7867,STAT1,IRF1,Unknown,10068671;10764778;12077266;18401423;24478085
7891,STAT1,PPARA,Activation,24242046
7898,STAT1,SMARCA4,Unknown,16195385
7901,STAT1,STAT3,Unknown,22693070
7907,STAT1,TP53,Activation,14602726
7908,STAT1,TP53,Unknown,24655378
7915,STAT2,IRF1,Activation,8647845
7922,STAT2,STAT1,Unknown,21498520
7927,STAT3,AR,Unknown,23906537
7966,STAT3,DNMT1,Activation,16861352;21944426
7967,STAT3,DNMT1,Unknown,19887607;23604529
7969,STAT3,EPAS1,Unknown,23991099
7970,STAT3,ESR2,Activation,21546410
7982,STAT3,FOS,Activation,12600988;14737107;17204573
7992,STAT3,HIF1A,Activation,17597020;18644974;19265129
7993,STAT3,HIF1A,Unknown,23991099
8012,STAT3,IRF1,Activation,8647845
8013,STAT3,IRF1,Unknown,10068671
8042,STAT3,MYC,Activation,15184887;17204573;19259613
8043,STAT3,MYC,Repression,20067773;22317895
8044,STAT3,MYC,Unknown,10464281;15469392;18184402;20654581
8059,STAT3,PIAS3,Activation,14630083
8063,STAT3,PPARA,Activation,24242046
8083,STAT3,STAT1,Activation,22693070
8091,STAT3,TP53,Unknown,20043094
8095,STAT3,TWIST1,Activation,23623921
8097,STAT3,TWIST2,Unknown,17909010
8101,STAT3,VDR,Repression,23424038
8110,STAT4,IRF1,Unknown,10068671;10358173
8111,STAT4,MYC,Activation,10702306
8127,STAT5A,ESR1,Unknown,11731618
8130,STAT5A,SP1,Unknown,17922009
8137,STAT5B,ESR1,Unknown,11731618
8138,STAT5B,ESR2,Unknown,11731618
8162,STAT6,FOS,Activation,11922943
8163,STAT6,FOS,Unknown,18342537
8181,STAT6,STAT1,Repression,19440213
8187,SUZ12,SNAI2,Repression,23836662
8188,SUZ12,TWIST1,Repression,23836662
8189,TAF1,AR,Activation,20181722
8193,TAF1,TBP,Unknown,16858867
8194,TAF4,ATF7,Repression,16205117
8203,TAL1,MYB,Activation,22897851
8204,TAL1,MYCN,Activation,24334727
8205,TAL1,NFKB1,Repression,16778171
8208,TBL1X,MYC,Unknown,20493879
8215,TBP,E2F1,Unknown,9400991
8216,TBP,FOS,Activation,15767669
8221,TBP,MYC,Unknown,7880838;9797456
8222,TBP,NF1,Repression,15767669
8224,TBPL1,NF1,Activation,15767669
8233,TBX21,GATA3,Unknown,17075044
8242,TBX21,YY1,Unknown,21272048
8264,TCF3,MYC,Activation,22384858
8265,TCF3,MYC,Repression,21788410
8280,TCF4,JUN,Unknown,19671687
8281,TCF4,KLF4,Unknown,18977346
8283,TCF4,MITF,Repression,21519923
8284,TCF4,MYC,Activation,21533051
8285,TCF4,MYC,Unknown,15928669;19561604;19662654;19778454
8295,TCF7,SNAI2,Unknown,20128911
8299,TCF7L2,CTNNB1,Unknown,24317174
8300,TCF7L2,GATA3,Unknown,22951069
8305,TCF7L2,SNAI2,Unknown,20128911
8307,TCF7L2,STAT3,Unknown,18602747
8313,TEAD1,SRF,Unknown,24344135
8348,TFAP2A,ETS1,Activation,1945412
8351,TFAP2A,FOXA1,Unknown,22577344
8408,TFAP2C,ESR1,Activation,11278455;19458056
8428,TFCP2,WT1,Unknown,10455131
8438,TFDP1,TP53,Repression,8557038
8440,TFDP3,E2F1,Unknown,23212661
8457,TLX1,MYC,Activation,20618946
8460,TNFAIP3,JUN,Repression,19124729
8461,TNFAIP3,NFKB1,Repression,19124729
8462,TNFAIP3,NFKB1,Unknown,24039598
8463,TNFAIP3,RELA,Repression,19124729
8464,TNFAIP3,RELA,Unknown,24039598
8465,TNFAIP3,SATB1,Unknown,24039598
8494,TP53,BRCA1,Repression,9619832
8495,TP53,BRCA1,Unknown,21742769
8525,TP53,CTNNB1,Repression,19411072
8530,TP53,DDB2,Activation,16357511
8531,TP53,DDB2,Unknown,12771027;12967652;15856024;15927209;22336944
8533,TP53,DNMT1,Activation,20570896
8534,TP53,DNMT1,Repression,20570896;21478913
8535,TP53,DNMT1,Unknown,18555750
8537,TP53,E2F1,Repression,8557038
8542,TP53,ELF4,Unknown,20805247
8544,TP53,ESR1,Unknown,21655924
8554,TP53,FOXO3,Unknown,19299143
8563,TP53,GLI2,Unknown,18813803
8570,TP53,HSF1,Unknown,20180806
8598,TP53,MYC,Repression,19411072
8599,TP53,MYC,Unknown,19202062
8600,TP53,NFKB1,Unknown,15988033
8601,TP53,NKX3-1,Repression,17202838
8605,TP53,PAX5,Activation,21319196
8609,TP53,PIAS3,Repression,11877452
8629,TP53,RB1,Unknown,8119988
8632,TP53,RELA,Unknown,15988033
8641,TP53,SMAD3,Unknown,21900401
8643,TP53,STAT1,Unknown,12364590
8644,TP53,STAT3,Repression,11809683
8647,TP53,TCF7L2,Repression,14990988
8654,TP53,TP53,Activation,22532570
8655,TP53,TP53,Unknown,11032029;16990849
8658,TP53,TP73,Unknown,11238924;16990849
8669,TP53BP1,BRCA1,Activation,15970701
8670,TP53BP1,BRCA1,Unknown,21914189
8672,TP63,BRCA1,Unknown,24556685
8674,TP63,DDB2,Unknown,17984111
8679,TP63,KLF4,Repression,20972454
8680,TP63,PPARA,Unknown,19458633
8682,TP63,TCF4,Activation,22232078
8683,TP63,VDR,Activation,22521434
8684,TP63,VDR,Unknown,16462763;17716971
8696,TP73,E2F1,Unknown,19363520
8701,TP73,VDR,Unknown,17716971
8713,TRIB3,SMAD3,Unknown,21896644
8715,TRIM16,E2F1,Repression,20729920
8717,TRIM22,NFKB1,Unknown,21651891
8718,TRIM22,RELA,Unknown,21651891
8721,TRIM28,E2F4,Repression,23060449
8726,TRPS1,RUNX2,Repression,16140555
8728,TRRAP,MITF,Repression,15581068
8732,TSC22D3,FOXO1,Repression,20018851
8733,TSC22D3,FOXO3,Repression,20018851
8742,TWIST1,ATM,Activation,19051271
8753,TWIST1,ESR1,Repression,22056872
8756,TWIST1,FOS,Activation,19051271
8766,TWIST1,MYB,Repression,19051271
8767,TWIST1,NF1,Repression,19051271
8772,TWIST1,RUNX2,Repression,21503964;21931630
8773,TWIST1,RUNX2,Unknown,12270142
8776,TWIST1,YBX1,Activation,21876555
8777,TWIST1,YBX1,Unknown,19318582
8779,TWIST2,ATM,Activation,19051271
8789,TWIST2,FOS,Activation,19051271
8795,TWIST2,MYB,Repression,19051271
8796,TWIST2,NF1,Repression,19051271
8802,TWIST2,RUNX2,Repression,21931630
8803,TWIST2,RUNX2,Unknown,12270142
8808,UHRF1,PPARG,Repression,22286757
8809,UHRF1,RB1,Activation,16007129
8815,URI1,AR,Repression,21730289
8818,USF1,APC,Activation,11241666
8831,USF1,CIITA,Activation,9491997
8832,USF1,CIITA,Unknown,10202014
8857,USF1,NFKB1,Unknown,19686049
8869,USF1,RELA,Unknown,19686049
8892,USF2,APC,Activation,11241666
8900,USF2,BRCA1,Unknown,14502648
8911,USF2,EPAS1,Unknown,23991099
8916,USF2,HIF1A,Unknown,23991099
8975,VDR,FOXP3,Unknown,22529297
8984,VDR,NCOR1,Activation,23098689
8998,VHL,AR,Activation,23961993
9007,VHL,HIF1A,Repression,11987242
9008,VHL,HIF1A,Unknown,11727931;19238077
9010,VHL,KLF10,Unknown,18359287
9014,VHL,TCF4,Unknown,16407833
9016,VHL,TP53,Unknown,22071692
9020,WDR5,MYC,Unknown,24782528
9021,WHSC1,AR,Unknown,19481544
9025,WT1,AR,Repression,11299720
9044,WT1,ETS1,Activation,18212735;20842112
9056,WT1,JUN,Activation,20842112
9059,WT1,MYB,Repression,7559553
9060,WT1,MYC,Repression,17634147
9061,WT1,MYC,Unknown,15286719
9062,WT1,MYCN,Repression,10470095
9068,WT1,PAX2,Repression,9738017;9916932
9072,WT1,SMAD3,Activation,20842112
9073,WT1,SNAI2,Unknown,17430890
9082,WT1,VDR,Activation,23362234
9083,WT1,VDR,Unknown,11050081;11773605
9096,WWTR1,SMAD3,Activation,22470139
9103,XBP1,ESR1,Activation,15882996
9123,XRCC5,ETS1,Repression,19836356
9131,YBX1,AR,Unknown,21652770
9139,YBX1,E2F1,Unknown,22205655
9151,YBX1,MYCN,Activation,17072343
9159,YEATS4,TP53,Repression,18214854
9162,YY1,APC,Repression,22907428
9166,YY1,BRCA1,Unknown,21666725
9183,YY1,DEK,Unknown,12483538
9186,YY1,EPAS1,Repression,19483472
9202,YY1,HDAC1,Unknown,11532945
9205,YY1,HIF1A,Unknown,20660740
9227,YY1,MYC,Activation,18490439
9228,YY1,MYC,Repression,19279113
9229,YY1,MYC,Unknown,10528225;17434929;9797456
9230,YY1,NF1,Activation,15763658
9234,YY1,PARP1,Unknown,9367892
9251,YY1,TFAP2A,Activation,18218085
9256,YY1,TP53,Activation,10634504;8816507
9257,YY1,TP53,Repression,10787423
9258,YY1,TP53,Unknown,10505791
9259,YY1,TP73,Activation,17980704
9270,ZBTB16,CEBPA,Unknown,19723763
9275,ZBTB16,LEF1,Unknown,19723763
9283,ZBTB2,TP53,Repression,19380588
9286,ZBTB7A,FOS,Repression,17189472
9287,ZBTB7A,MYC,Repression,17189472
9291,ZEB1,AR,Unknown,19921427;22391641
9315,ZFHX3,MYB,Repression,15750593
9318,ZFP36,HIF1A,Activation,19962963
9319,ZFP36,HIF1A,Repression,19962963
9333,ZIC1,JUND,Activation,20713527
9335,ZIC2,TCF4,Repression,21908606
9359,ZNF224,VDR,Activation,23362234
9362,ZNF24,CTNNB1,Activation,24224020
9371,ZNF300,MYC,Activation,21777376
9381,ZNF382,JUN,Repression,20682794
9382,ZNF382,MITF,Repression,20682794
9383,ZNF382,MYC,Repression,20682794
9384,ZNF382,NFKB1,Repression,20682794
9385,ZNF382,STAT3,Repression,20682794
9386,ZNF382,STAT5B,Repression,20682794
9387,ZNF383,JUN,Repression,15964543
9389,ZNF423,BRCA1,Unknown,23764426